date,price
2017-02-21T09:16:27-08:00,1105.47
2017-02-21T09:06:27-08:00,1103.42
2017-02-21T08:56:27-08:00,1104.0
2017-02-21T08:46:27-08:00,1104.78
2017-02-21T08:36:27-08:00,1105.4
2017-02-21T08:26:29-08:00,1104.92
2017-02-21T08:16:27-08:00,1105.99
2017-02-21T08:06:28-08:00,1105.56
2017-02-21T07:56:27-08:00,1105.0
2017-02-21T07:46:28-08:00,1104.88
2017-02-21T07:36:27-08:00,1102.99
2017-02-21T07:26:27-08:00,1102.94
2017-02-21T07:16:27-08:00,1100.61
2017-02-21T07:06:27-08:00,1106.52
2017-02-21T06:56:27-08:00,1109.53
2017-02-21T06:46:27-08:00,1107.56
2017-02-21T06:36:27-08:00,1111.11
2017-02-21T06:26:30-08:00,1107.99
2017-02-21T06:16:28-08:00,1117.96
2017-02-21T06:06:27-08:00,1115.37
2017-02-21T05:56:27-08:00,1113.52
2017-02-21T05:46:27-08:00,1114.0
2017-02-21T05:36:27-08:00,1113.26
2017-02-21T05:26:29-08:00,1116.2
2017-02-21T05:16:27-08:00,1114.88
2017-02-21T05:06:27-08:00,1114.72
2017-02-21T04:56:27-08:00,1117.88
2017-02-21T04:46:27-08:00,1118.0
2017-02-21T04:36:27-08:00,1114.7
2017-02-21T04:26:28-08:00,1114.4
2017-02-21T04:16:27-08:00,1113.39
2017-02-21T04:06:27-08:00,1114.45
2017-02-21T03:56:27-08:00,1111.11
2017-02-21T03:46:27-08:00,1111.0
2017-02-21T03:36:27-08:00,1109.4
2017-02-21T03:26:29-08:00,1109.07
2017-02-21T03:16:27-08:00,1104.79
2017-02-21T03:06:27-08:00,1103.22
2017-02-21T02:56:27-08:00,1101.5
2017-02-21T02:46:27-08:00,1102.31
2017-02-21T02:36:27-08:00,1098.95
2017-02-21T02:26:30-08:00,1098.47
2017-02-21T02:16:27-08:00,1098.4
2017-02-21T02:06:27-08:00,1097.92
2017-02-21T01:56:27-08:00,1098.76
2017-02-21T01:46:27-08:00,1099.79
2017-02-21T01:36:28-08:00,1099.28
2017-02-21T01:26:28-08:00,1099.26
2017-02-21T01:16:27-08:00,1098.84
2017-02-21T01:06:28-08:00,1096.31
2017-02-21T00:56:27-08:00,1101.71
2017-02-21T00:46:27-08:00,1104.0
2017-02-21T00:36:27-08:00,1097.4
2017-02-21T00:26:29-08:00,1093.18
2017-02-21T00:16:27-08:00,1093.2
2017-02-21T00:06:27-08:00,1093.01
2017-02-20T23:56:27-08:00,1093.51
2017-02-20T23:46:27-08:00,1095.43
2017-02-20T23:36:27-08:00,1096.47
2017-02-20T23:26:30-08:00,1098.46
2017-02-20T23:16:27-08:00,1102.01
2017-02-20T23:06:29-08:00,1103.02
2017-02-20T22:56:27-08:00,1103.02
2017-02-20T22:46:27-08:00,1102.88
2017-02-20T22:36:27-08:00,1099.99
2017-02-20T22:26:28-08:00,1098.23
2017-02-20T22:16:27-08:00,1095.75
2017-02-20T22:06:27-08:00,1092.0
2017-02-20T21:56:28-08:00,1090.98
2017-02-20T21:46:28-08:00,1089.97
2017-02-20T21:36:27-08:00,1089.03
2017-02-20T21:26:34-08:00,1089.14
2017-02-20T21:16:27-08:00,1089.25
2017-02-20T21:06:27-08:00,1089.6
2017-02-20T20:56:27-08:00,1090.0
2017-02-20T20:46:27-08:00,1089.97
2017-02-20T20:36:27-08:00,1089.8
2017-02-20T20:26:29-08:00,1087.2
2017-02-20T20:16:27-08:00,1087.67
2017-02-20T20:06:27-08:00,1086.55
2017-02-20T19:56:27-08:00,1086.91
2017-02-20T19:46:27-08:00,1086.9
2017-02-20T19:36:27-08:00,1087.44
2017-02-20T19:26:28-08:00,1087.22
2017-02-20T19:16:27-08:00,1087.41
2017-02-20T19:06:27-08:00,1086.79
2017-02-20T18:56:27-08:00,1086.83
2017-02-20T18:46:28-08:00,1087.14
2017-02-20T18:36:27-08:00,1088.0
2017-02-20T18:26:27-08:00,1086.26
2017-02-20T18:16:28-08:00,1086.96
2017-02-20T18:06:29-08:00,1087.96
2017-02-20T17:56:28-08:00,1085.81
2017-02-20T17:46:27-08:00,1087.14
2017-02-20T17:36:27-08:00,1089.71
2017-02-20T17:26:27-08:00,1089.97
2017-02-20T17:16:28-08:00,1087.96
2017-02-20T17:06:28-08:00,1086.37
2017-02-20T16:56:27-08:00,1085.93
2017-02-20T16:46:28-08:00,1084.35
2017-02-20T16:36:27-08:00,1086.0
2017-02-20T16:26:30-08:00,1087.59
2017-02-20T16:16:27-08:00,1084.59
2017-02-20T16:06:27-08:00,1086.85
2017-02-20T15:56:27-08:00,1089.86
2017-02-20T15:46:27-08:00,1091.19
2017-02-20T15:36:27-08:00,1088.0
2017-02-20T15:26:30-08:00,1080.0
2017-02-20T15:16:28-08:00,1072.6
2017-02-20T15:06:27-08:00,1066.67
2017-02-20T14:56:27-08:00,1066.57
2017-02-20T14:46:27-08:00,1066.66
2017-02-20T14:36:27-08:00,1066.66
2017-02-20T14:26:36-08:00,1066.5
2017-02-20T14:16:27-08:00,1066.1
2017-02-20T14:06:27-08:00,1065.86
2017-02-20T13:56:27-08:00,1065.48
2017-02-20T13:46:28-08:00,1065.88
2017-02-20T13:36:27-08:00,1065.99
2017-02-20T13:26:31-08:00,1065.52
2017-02-20T13:16:27-08:00,1065.97
2017-02-20T13:06:27-08:00,1066.49
2017-02-20T12:56:27-08:00,1066.18
2017-02-20T12:46:27-08:00,1066.66
2017-02-20T12:36:27-08:00,1064.91
2017-02-20T12:26:29-08:00,1066.98
2017-02-20T12:16:27-08:00,1067.11
2017-02-20T12:06:27-08:00,1066.91
2017-02-20T11:56:27-08:00,1066.94
2017-02-20T11:46:27-08:00,1066.99
2017-02-20T11:36:27-08:00,1066.96
2017-02-20T11:26:29-08:00,1066.4
2017-02-20T11:16:27-08:00,1065.8
2017-02-20T11:06:27-08:00,1066.19
2017-02-20T10:56:28-08:00,1066.68
2017-02-20T10:46:27-08:00,1066.45
2017-02-20T10:36:27-08:00,1066.03
2017-02-20T10:26:33-08:00,1066.39
2017-02-20T10:16:28-08:00,1066.64
2017-02-20T10:06:27-08:00,1066.92
2017-02-20T09:56:27-08:00,1066.75
2017-02-20T09:46:27-08:00,1066.98
2017-02-20T09:36:28-08:00,1066.5
2017-02-20T09:26:34-08:00,1066.49
2017-02-20T09:16:27-08:00,1066.49
2017-02-20T09:06:27-08:00,1066.43
2017-02-20T08:56:27-08:00,1066.48
2017-02-20T08:46:27-08:00,1066.48
2017-02-20T08:36:27-08:00,1065.98
2017-02-20T08:26:32-08:00,1065.64
2017-02-20T08:16:27-08:00,1065.75
2017-02-20T08:06:27-08:00,1065.95
2017-02-20T07:56:27-08:00,1065.93
2017-02-20T07:46:27-08:00,1065.6
2017-02-20T07:36:27-08:00,1065.5
2017-02-20T07:26:28-08:00,1065.43
2017-02-20T07:16:27-08:00,1065.38
2017-02-20T07:06:27-08:00,1063.6
2017-02-20T06:56:27-08:00,1065.68
2017-02-20T06:46:27-08:00,1065.49
2017-02-20T06:36:27-08:00,1064.97
2017-02-20T06:26:32-08:00,1065.52
2017-02-20T06:16:27-08:00,1064.99
2017-02-20T06:06:27-08:00,1064.86
2017-02-20T05:56:27-08:00,1065.87
2017-02-20T05:46:27-08:00,1065.98
2017-02-20T05:36:27-08:00,1065.69
2017-02-20T05:26:31-08:00,1064.97
2017-02-20T05:16:27-08:00,1064.95
2017-02-20T05:06:27-08:00,1063.82
2017-02-20T04:56:27-08:00,1063.31
2017-02-20T04:46:27-08:00,1064.28
2017-02-20T04:36:27-08:00,1064.94
2017-02-20T04:26:32-08:00,1062.15
2017-02-20T04:16:27-08:00,1061.15
2017-02-20T04:06:27-08:00,1061.18
2017-02-20T03:56:27-08:00,1061.53
2017-02-20T03:46:27-08:00,1062.88
2017-02-20T03:36:27-08:00,1064.16
2017-02-20T03:26:31-08:00,1064.73
2017-02-20T03:16:27-08:00,1064.77
2017-02-20T03:06:27-08:00,1064.26
2017-02-20T02:56:27-08:00,1064.35
2017-02-20T02:46:27-08:00,1064.26
2017-02-20T02:36:27-08:00,1064.05
2017-02-20T02:26:30-08:00,1064.45
2017-02-20T02:16:27-08:00,1066.18
2017-02-20T02:06:27-08:00,1066.52
2017-02-20T01:56:29-08:00,1066.58
2017-02-20T01:46:27-08:00,1066.54
2017-02-20T01:36:27-08:00,1066.59
2017-02-20T01:26:31-08:00,1066.1
2017-02-20T01:16:27-08:00,1066.06
2017-02-20T01:06:28-08:00,1065.66
2017-02-20T00:56:27-08:00,1066.61
2017-02-20T00:46:27-08:00,1065.0
2017-02-20T00:36:27-08:00,1064.94
2017-02-20T00:26:29-08:00,1062.99
2017-02-20T00:16:27-08:00,1062.32
2017-02-20T00:06:27-08:00,1060.92
2017-02-19T23:56:29-08:00,1060.49
2017-02-19T23:46:27-08:00,1059.65
2017-02-19T23:36:27-08:00,1057.97
2017-02-19T23:26:29-08:00,1057.58
2017-02-19T23:16:27-08:00,1057.16
2017-02-19T23:06:27-08:00,1056.49
2017-02-19T22:56:27-08:00,1056.71
2017-02-19T22:46:27-08:00,1057.52
2017-02-19T22:36:27-08:00,1056.46
2017-02-19T22:26:30-08:00,1056.95
2017-02-19T22:16:27-08:00,1056.84
2017-02-19T22:06:27-08:00,1055.5
2017-02-19T21:56:27-08:00,1055.71
2017-02-19T21:46:27-08:00,1055.74
2017-02-19T21:36:27-08:00,1055.53
2017-02-19T21:26:29-08:00,1055.74
2017-02-19T21:16:27-08:00,1055.64
2017-02-19T21:06:27-08:00,1055.03
2017-02-19T20:56:27-08:00,1054.3
2017-02-19T20:46:27-08:00,1052.76
2017-02-19T20:36:27-08:00,1053.25
2017-02-19T20:26:33-08:00,1052.55
2017-02-19T20:16:27-08:00,1052.17
2017-02-19T20:06:27-08:00,1052.87
2017-02-19T19:56:27-08:00,1052.94
2017-02-19T19:46:27-08:00,1052.29
2017-02-19T19:36:27-08:00,1052.15
2017-02-19T19:26:30-08:00,1052.14
2017-02-19T19:16:28-08:00,1051.42
2017-02-19T19:06:27-08:00,1054.0
2017-02-19T18:56:27-08:00,1055.45
2017-02-19T18:46:27-08:00,1055.76
2017-02-19T18:36:27-08:00,1055.31
2017-02-19T18:26:33-08:00,1056.79
2017-02-19T18:16:27-08:00,1056.17
2017-02-19T18:06:27-08:00,1055.26
2017-02-19T17:56:27-08:00,1055.25
2017-02-19T17:46:27-08:00,1055.26
2017-02-19T17:36:27-08:00,1055.37
2017-02-19T17:26:32-08:00,1055.43
2017-02-19T17:16:27-08:00,1056.2
2017-02-19T17:06:27-08:00,1056.27
2017-02-19T16:56:27-08:00,1056.23
2017-02-19T16:46:27-08:00,1057.02
2017-02-19T16:36:28-08:00,1057.54
2017-02-19T16:26:29-08:00,1057.61
2017-02-19T16:16:27-08:00,1058.69
2017-02-19T16:06:27-08:00,1058.77
2017-02-19T15:56:27-08:00,1059.61
2017-02-19T15:46:27-08:00,1059.67
2017-02-19T15:36:27-08:00,1059.87
2017-02-19T15:26:27-08:00,1060.17
2017-02-19T15:16:27-08:00,1059.9
2017-02-19T15:06:27-08:00,1059.61
2017-02-19T14:56:27-08:00,1059.99
2017-02-19T14:46:31-08:00,1059.28
2017-02-19T14:36:27-08:00,1058.98
2017-02-19T14:26:27-08:00,1058.99
2017-02-19T14:16:27-08:00,1058.35
2017-02-19T14:06:28-08:00,1058.12
2017-02-19T13:56:27-08:00,1057.98
2017-02-19T13:46:27-08:00,1057.85
2017-02-19T13:36:27-08:00,1056.99
2017-02-19T13:26:28-08:00,1057.24
2017-02-19T13:16:27-08:00,1057.11
2017-02-19T13:06:27-08:00,1056.42
2017-02-19T12:56:27-08:00,1054.98
2017-02-19T12:46:28-08:00,1055.51
2017-02-19T12:36:27-08:00,1055.01
2017-02-19T12:26:27-08:00,1053.99
2017-02-19T12:16:27-08:00,1053.99
2017-02-19T12:06:27-08:00,1053.44
2017-02-19T11:56:27-08:00,1053.72
2017-02-19T11:46:27-08:00,1054.99
2017-02-19T11:36:27-08:00,1054.99
2017-02-19T11:26:31-08:00,1053.74
2017-02-19T11:16:27-08:00,1053.45
2017-02-19T11:06:27-08:00,1051.39
2017-02-19T10:56:28-08:00,1053.83
2017-02-19T10:46:27-08:00,1055.61
2017-02-19T10:36:27-08:00,1055.12
2017-02-19T10:26:27-08:00,1056.57
2017-02-19T10:16:27-08:00,1058.53
2017-02-19T10:06:27-08:00,1058.55
2017-02-19T09:56:27-08:00,1058.92
2017-02-19T09:46:27-08:00,1059.92
2017-02-19T09:36:27-08:00,1058.0
2017-02-19T09:26:27-08:00,1058.53
2017-02-19T09:16:27-08:00,1058.92
2017-02-19T09:06:27-08:00,1058.75
2017-02-19T08:56:27-08:00,1058.81
2017-02-19T08:46:27-08:00,1058.19
2017-02-19T08:36:27-08:00,1058.09
2017-02-19T08:26:28-08:00,1059.4
2017-02-19T08:16:27-08:00,1059.85
2017-02-19T08:06:27-08:00,1060.31
2017-02-19T07:56:27-08:00,1060.0
2017-02-19T07:46:28-08:00,1057.5
2017-02-19T07:36:27-08:00,1057.5
2017-02-19T07:26:27-08:00,1057.19
2017-02-19T07:16:27-08:00,1057.98
2017-02-19T07:06:27-08:00,1058.49
2017-02-19T06:56:27-08:00,1059.46
2017-02-19T06:46:27-08:00,1059.22
2017-02-19T06:36:27-08:00,1058.4
2017-02-19T06:26:27-08:00,1057.42
2017-02-19T06:16:27-08:00,1057.01
2017-02-19T06:06:27-08:00,1057.4
2017-02-19T05:56:27-08:00,1055.49
2017-02-19T05:46:27-08:00,1053.46
2017-02-19T05:36:27-08:00,1051.36
2017-02-19T05:26:27-08:00,1056.45
2017-02-19T05:16:27-08:00,1056.83
2017-02-19T05:06:27-08:00,1056.84
2017-02-19T04:56:27-08:00,1057.42
2017-02-19T04:46:27-08:00,1054.94
2017-02-19T04:36:27-08:00,1054.77
2017-02-19T04:26:27-08:00,1056.9
2017-02-19T04:16:27-08:00,1063.44
2017-02-19T04:06:27-08:00,1061.11
2017-02-19T03:56:27-08:00,1060.99
2017-02-19T03:46:27-08:00,1060.9
2017-02-19T03:36:27-08:00,1062.85
2017-02-19T03:26:28-08:00,1064.4
2017-02-19T03:16:27-08:00,1064.06
2017-02-19T03:06:27-08:00,1065.02
2017-02-19T02:56:27-08:00,1065.02
2017-02-19T02:46:27-08:00,1065.2
2017-02-19T02:36:29-08:00,1065.19
2017-02-19T02:26:27-08:00,1065.0
2017-02-19T02:16:27-08:00,1067.04
2017-02-19T02:06:27-08:00,1067.28
2017-02-19T01:56:27-08:00,1067.53
2017-02-19T01:46:27-08:00,1067.05
2017-02-19T01:36:27-08:00,1067.77
2017-02-19T01:26:27-08:00,1067.21
2017-02-19T01:16:27-08:00,1066.34
2017-02-19T01:06:27-08:00,1065.82
2017-02-19T00:56:27-08:00,1065.2
2017-02-19T00:46:27-08:00,1065.48
2017-02-19T00:36:27-08:00,1065.12
2017-02-19T00:26:27-08:00,1065.19
2017-02-19T00:16:28-08:00,1065.13
2017-02-19T00:06:27-08:00,1064.58
2017-02-18T23:56:27-08:00,1066.46
2017-02-18T23:46:27-08:00,1065.81
2017-02-18T23:36:27-08:00,1064.51
2017-02-18T23:26:27-08:00,1065.4
2017-02-18T23:16:27-08:00,1065.47
2017-02-18T23:06:27-08:00,1065.45
2017-02-18T22:56:27-08:00,1064.0
2017-02-18T22:46:27-08:00,1064.0
2017-02-18T22:36:27-08:00,1061.84
2017-02-18T22:26:27-08:00,1061.29
2017-02-18T22:16:27-08:00,1061.04
2017-02-18T22:06:27-08:00,1061.12
2017-02-18T21:56:27-08:00,1061.34
2017-02-18T21:46:27-08:00,1060.85
2017-02-18T21:36:27-08:00,1059.93
2017-02-18T21:26:27-08:00,1058.81
2017-02-18T21:16:27-08:00,1059.41
2017-02-18T21:06:27-08:00,1060.0
2017-02-18T20:56:28-08:00,1057.89
2017-02-18T20:46:27-08:00,1057.9
2017-02-18T20:36:27-08:00,1057.9
2017-02-18T20:26:27-08:00,1057.0
2017-02-18T20:16:27-08:00,1057.37
2017-02-18T20:06:27-08:00,1056.82
2017-02-18T19:56:27-08:00,1057.4
2017-02-18T19:46:27-08:00,1056.76
2017-02-18T19:36:27-08:00,1058.24
2017-02-18T19:26:27-08:00,1058.72
2017-02-18T19:16:28-08:00,1059.85
2017-02-18T19:06:27-08:00,1058.68
2017-02-18T18:56:27-08:00,1058.86
2017-02-18T18:46:27-08:00,1061.03
2017-02-18T18:36:27-08:00,1059.91
2017-02-18T18:26:27-08:00,1058.02
2017-02-18T18:16:27-08:00,1057.65
2017-02-18T18:06:27-08:00,1056.93
2017-02-18T17:56:27-08:00,1056.33
2017-02-18T17:46:27-08:00,1056.33
2017-02-18T17:36:27-08:00,1055.12
2017-02-18T17:26:27-08:00,1056.0
2017-02-18T17:16:27-08:00,1057.35
2017-02-18T17:06:27-08:00,1057.29
2017-02-18T16:56:27-08:00,1058.8
2017-02-18T16:46:27-08:00,1058.69
2017-02-18T16:36:27-08:00,1059.23
2017-02-18T16:26:27-08:00,1058.48
2017-02-18T16:16:28-08:00,1058.5
2017-02-18T16:06:27-08:00,1060.92
2017-02-18T15:56:27-08:00,1062.4
2017-02-18T15:46:27-08:00,1063.59
2017-02-18T15:36:28-08:00,1064.01
2017-02-18T15:26:27-08:00,1065.05
2017-02-18T15:16:27-08:00,1064.7
2017-02-18T15:06:27-08:00,1064.55
2017-02-18T14:56:27-08:00,1064.58
2017-02-18T14:46:27-08:00,1063.32
2017-02-18T14:36:27-08:00,1066.03
2017-02-18T14:26:27-08:00,1066.98
2017-02-18T14:16:27-08:00,1068.34
2017-02-18T14:06:27-08:00,1067.99
2017-02-18T13:56:27-08:00,1067.98
2017-02-18T13:46:27-08:00,1067.15
2017-02-18T13:36:27-08:00,1067.84
2017-02-18T13:26:28-08:00,1067.53
2017-02-18T13:16:27-08:00,1067.73
2017-02-18T13:06:27-08:00,1067.65
2017-02-18T12:56:27-08:00,1067.83
2017-02-18T12:46:27-08:00,1067.42
2017-02-18T12:36:27-08:00,1067.05
2017-02-18T12:26:27-08:00,1067.72
2017-02-18T12:16:27-08:00,1066.12
2017-02-18T12:06:27-08:00,1066.3
2017-02-18T11:56:27-08:00,1066.49
2017-02-18T11:46:30-08:00,1065.9
2017-02-18T11:36:27-08:00,1066.82
2017-02-18T11:26:27-08:00,1066.95
2017-02-18T11:16:27-08:00,1069.32
2017-02-18T11:06:27-08:00,1069.0
2017-02-18T10:56:27-08:00,1068.5
2017-02-18T10:46:27-08:00,1069.59
2017-02-18T10:36:27-08:00,1070.01
2017-02-18T10:26:27-08:00,1069.87
2017-02-18T10:16:27-08:00,1069.97
2017-02-18T10:06:27-08:00,1068.21
2017-02-18T09:56:27-08:00,1067.53
2017-02-18T09:46:27-08:00,1068.9
2017-02-18T09:36:27-08:00,1068.76
2017-02-18T09:26:27-08:00,1068.54
2017-02-18T09:16:27-08:00,1069.12
2017-02-18T09:06:27-08:00,1069.16
2017-02-18T08:56:27-08:00,1069.16
2017-02-18T08:46:27-08:00,1069.35
2017-02-18T08:36:27-08:00,1069.99
2017-02-18T08:26:27-08:00,1069.96
2017-02-18T08:16:27-08:00,1069.92
2017-02-18T08:06:27-08:00,1069.92
2017-02-18T07:56:27-08:00,1068.99
2017-02-18T07:46:27-08:00,1067.98
2017-02-18T07:36:28-08:00,1064.1
2017-02-18T07:26:27-08:00,1062.94
2017-02-18T07:16:27-08:00,1063.88
2017-02-18T07:06:27-08:00,1063.8
2017-02-18T06:56:27-08:00,1063.0
2017-02-18T06:46:27-08:00,1064.82
2017-02-18T06:36:27-08:00,1065.5
2017-02-18T06:26:27-08:00,1064.91
2017-02-18T06:16:27-08:00,1064.36
2017-02-18T06:06:27-08:00,1064.27
2017-02-18T05:56:27-08:00,1065.0
2017-02-18T05:46:27-08:00,1067.49
2017-02-18T05:36:27-08:00,1066.53
2017-02-18T05:26:27-08:00,1067.19
2017-02-18T05:16:27-08:00,1065.81
2017-02-18T05:06:27-08:00,1067.01
2017-02-18T04:56:27-08:00,1066.11
2017-02-18T04:46:27-08:00,1067.02
2017-02-18T04:36:27-08:00,1067.66
2017-02-18T04:26:27-08:00,1066.64
2017-02-18T04:16:27-08:00,1065.78
2017-02-18T04:06:27-08:00,1066.94
2017-02-18T03:56:27-08:00,1068.56
2017-02-18T03:46:27-08:00,1068.26
2017-02-18T03:36:27-08:00,1069.38
2017-02-18T03:26:27-08:00,1067.16
2017-02-18T03:16:27-08:00,1066.99
2017-02-18T03:06:27-08:00,1068.73
2017-02-18T02:56:28-08:00,1069.35
2017-02-18T02:46:27-08:00,1069.59
2017-02-18T02:36:27-08:00,1069.67
2017-02-18T02:26:27-08:00,1069.42
2017-02-18T02:16:27-08:00,1069.69
2017-02-18T02:06:27-08:00,1069.69
2017-02-18T01:56:27-08:00,1069.5
2017-02-18T01:46:27-08:00,1069.64
2017-02-18T01:36:27-08:00,1068.57
2017-02-18T01:26:27-08:00,1069.12
2017-02-18T01:16:27-08:00,1069.58
2017-02-18T01:06:27-08:00,1069.82
2017-02-18T00:56:27-08:00,1071.69
2017-02-18T00:46:27-08:00,1072.05
2017-02-18T00:36:27-08:00,1071.45
2017-02-18T00:26:27-08:00,1070.75
2017-02-18T00:16:27-08:00,1070.75
2017-02-18T00:06:27-08:00,1068.64
2017-02-17T23:56:27-08:00,1069.5
2017-02-17T23:46:27-08:00,1068.12
2017-02-17T23:36:27-08:00,1068.72
2017-02-17T23:26:27-08:00,1067.69
2017-02-17T23:16:27-08:00,1068.0
2017-02-17T23:06:28-08:00,1067.59
2017-02-17T22:56:27-08:00,1067.61
2017-02-17T22:46:27-08:00,1067.56
2017-02-17T22:36:27-08:00,1070.19
2017-02-17T22:26:27-08:00,1067.55
2017-02-17T22:16:27-08:00,1067.59
2017-02-17T22:06:27-08:00,1068.75
2017-02-17T21:56:27-08:00,1070.38
2017-02-17T21:46:28-08:00,1073.74
2017-02-17T21:36:27-08:00,1073.74
2017-02-17T21:26:27-08:00,1073.15
2017-02-17T21:16:27-08:00,1072.3
2017-02-17T21:06:27-08:00,1069.0
2017-02-17T20:56:52-08:00,1067.0
2017-02-17T20:46:27-08:00,1066.43
2017-02-17T20:36:27-08:00,1065.3
2017-02-17T20:26:27-08:00,1065.0
2017-02-17T20:16:27-08:00,1064.98
2017-02-17T20:06:27-08:00,1064.0
2017-02-17T19:56:28-08:00,1063.93
2017-02-17T19:46:27-08:00,1062.99
2017-02-17T19:36:27-08:00,1062.99
2017-02-17T19:26:27-08:00,1062.0
2017-02-17T19:16:27-08:00,1061.77
2017-02-17T19:06:27-08:00,1060.47
2017-02-17T18:56:27-08:00,1061.71
2017-02-17T18:46:27-08:00,1061.0
2017-02-17T18:36:28-08:00,1060.84
2017-02-17T18:26:29-08:00,1058.53
2017-02-17T18:16:27-08:00,1058.77
2017-02-17T18:06:27-08:00,1060.35
2017-02-17T17:56:27-08:00,1060.76
2017-02-17T17:46:27-08:00,1060.67
2017-02-17T17:36:27-08:00,1059.01
2017-02-17T17:26:27-08:00,1058.19
2017-02-17T17:16:27-08:00,1056.73
2017-02-17T17:06:27-08:00,1056.5
2017-02-17T16:56:27-08:00,1058.27
2017-02-17T16:46:27-08:00,1059.85
2017-02-17T16:36:27-08:00,1060.38
2017-02-17T16:26:28-08:00,1059.98
2017-02-17T16:23:50-08:00,1059.59
2017-02-17T16:13:50-08:00,1059.0
2017-02-17T16:03:50-08:00,1058.51
2017-02-17T15:53:50-08:00,1057.3
2017-02-17T15:43:50-08:00,1061.92
2017-02-17T15:33:50-08:00,1061.98
2017-02-17T15:23:50-08:00,1060.77
2017-02-17T15:13:50-08:00,1061.82
2017-02-17T15:03:51-08:00,1060.56
2017-02-17T14:53:50-08:00,1061.24
2017-02-17T14:43:51-08:00,1061.4
2017-02-17T14:38:24-08:00,1061.44
2017-02-17T14:28:24-08:00,1061.0
2017-02-17T14:18:24-08:00,1060.99
2017-02-17T14:08:24-08:00,1059.98
2017-02-17T13:58:24-08:00,1058.73
2017-02-17T13:48:24-08:00,1059.5
2017-02-17T13:38:24-08:00,1059.99
2017-02-17T13:28:24-08:00,1059.97
2017-02-17T13:18:24-08:00,1059.98
2017-02-17T13:08:24-08:00,1059.69
2017-02-17T12:58:24-08:00,1059.65
2017-02-17T12:48:24-08:00,1057.99
2017-02-17T12:38:24-08:00,1057.99
2017-02-17T12:28:24-08:00,1057.24
2017-02-17T12:18:57-08:00,1057.06
2017-02-17T12:08:57-08:00,1056.99
2017-02-17T11:58:57-08:00,1056.91
2017-02-17T11:48:58-08:00,1051.47
2017-02-17T11:46:47-08:00,1051.49
2017-02-17T11:36:47-08:00,1052.38
2017-02-17T11:26:48-08:00,1053.06
2017-02-17T11:22:39-08:00,1051.32
2017-02-17T11:12:39-08:00,1054.06
2017-02-17T11:02:39-08:00,1054.14
2017-02-17T10:52:39-08:00,1054.14
2017-02-17T10:42:40-08:00,1054.68
2017-02-17T10:32:39-08:00,1055.12
2017-02-17T10:22:39-08:00,1057.69
2017-02-17T10:12:39-08:00,1057.75
2017-02-17T10:02:40-08:00,1055.84
2017-02-17T09:52:39-08:00,1057.91
2017-02-17T09:42:39-08:00,1057.76
2017-02-17T09:32:39-08:00,1058.01
2017-02-17T09:22:40-08:00,1058.5
2017-02-17T09:12:39-08:00,1059.82
2017-02-17T09:02:40-08:00,1058.98
2017-02-17T08:52:39-08:00,1058.72
2017-02-17T08:42:39-08:00,1058.38
2017-02-17T08:32:39-08:00,1059.69
2017-02-17T08:22:39-08:00,1058.69
2017-02-17T08:12:39-08:00,1055.03
2017-02-17T08:02:39-08:00,1058.48
2017-02-17T07:52:39-08:00,1058.98
2017-02-17T07:42:39-08:00,1059.86
2017-02-17T07:32:39-08:00,1057.74
2017-02-17T07:22:39-08:00,1056.48
2017-02-17T07:12:39-08:00,1052.51
2017-02-17T07:02:39-08:00,1060.79
2017-02-17T06:52:39-08:00,1059.56
2017-02-17T06:42:39-08:00,1061.87
2017-02-17T06:32:39-08:00,1060.88
2017-02-17T06:22:39-08:00,1060.79
2017-02-17T06:12:51-08:00,1054.95
2017-02-17T06:02:39-08:00,1056.04
2017-02-17T05:52:39-08:00,1053.0
2017-02-17T05:42:39-08:00,1051.97
2017-02-17T05:32:39-08:00,1051.5
2017-02-17T05:22:39-08:00,1051.0
2017-02-17T05:12:39-08:00,1048.97
2017-02-17T05:02:39-08:00,1044.93
2017-02-17T04:52:39-08:00,1045.0
2017-02-17T04:42:39-08:00,1045.11
2017-02-17T04:32:39-08:00,1045.67
2017-02-17T04:22:39-08:00,1045.82
2017-02-17T04:12:39-08:00,1048.31
2017-02-17T04:02:39-08:00,1048.39
2017-02-17T03:52:39-08:00,1047.4
2017-02-17T03:42:40-08:00,1046.63
2017-02-17T03:32:39-08:00,1043.54
2017-02-17T03:22:39-08:00,1042.69
2017-02-17T03:12:39-08:00,1040.98
2017-02-17T03:02:39-08:00,1042.75
2017-02-17T02:52:39-08:00,1047.28
2017-02-17T02:42:40-08:00,1049.55
2017-02-17T02:32:39-08:00,1049.89
2017-02-17T02:22:39-08:00,1049.84
2017-02-17T02:12:39-08:00,1048.0
2017-02-17T02:02:39-08:00,1046.77
2017-02-17T01:52:39-08:00,1046.65
2017-02-17T01:42:40-08:00,1045.86
2017-02-17T01:32:39-08:00,1043.26
2017-02-17T01:22:39-08:00,1044.75
2017-02-17T01:12:39-08:00,1044.71
2017-02-17T01:02:39-08:00,1044.17
2017-02-17T00:52:39-08:00,1043.38
2017-02-17T00:42:39-08:00,1042.58
2017-02-17T00:32:39-08:00,1043.0
2017-02-17T00:22:39-08:00,1042.23
2017-02-17T00:12:39-08:00,1043.98
2017-02-17T00:02:39-08:00,1043.64
2017-02-16T23:52:39-08:00,1043.74
2017-02-16T23:42:39-08:00,1043.48
2017-02-16T23:32:39-08:00,1043.48
2017-02-16T23:22:40-08:00,1043.5
2017-02-16T23:12:39-08:00,1043.13
2017-02-16T23:02:39-08:00,1040.32
2017-02-16T22:52:39-08:00,1040.5
2017-02-16T22:42:39-08:00,1040.39
2017-02-16T22:32:39-08:00,1040.62
2017-02-16T22:22:39-08:00,1042.0
2017-02-16T22:12:39-08:00,1042.9
2017-02-16T22:02:39-08:00,1042.28
2017-02-16T21:52:39-08:00,1041.49
2017-02-16T21:42:39-08:00,1041.0
2017-02-16T21:32:39-08:00,1041.38
2017-02-16T21:22:39-08:00,1041.24
2017-02-16T21:12:39-08:00,1044.2
2017-02-16T21:02:39-08:00,1044.03
2017-02-16T20:52:39-08:00,1044.29
2017-02-16T20:42:39-08:00,1043.35
2017-02-16T20:32:39-08:00,1043.52
2017-02-16T20:22:39-08:00,1043.25
2017-02-16T20:12:39-08:00,1042.64
2017-02-16T20:02:39-08:00,1042.68
2017-02-16T19:52:39-08:00,1042.25
2017-02-16T19:42:39-08:00,1041.79
2017-02-16T19:32:39-08:00,1040.84
2017-02-16T19:22:40-08:00,1040.5
2017-02-16T19:12:41-08:00,1041.18
2017-02-16T19:08:55-08:00,1040.83
2017-02-16T18:58:55-08:00,1039.52
2017-02-16T18:48:55-08:00,1044.13
2017-02-16T18:38:55-08:00,1043.39
2017-02-16T18:28:55-08:00,1042.51
2017-02-16T18:18:55-08:00,1044.82
2017-02-16T18:08:55-08:00,1044.86
2017-02-16T17:58:55-08:00,1044.87
2017-02-16T17:48:55-08:00,1044.54
2017-02-16T17:38:55-08:00,1043.99
2017-02-16T17:28:55-08:00,1042.76
2017-02-16T17:18:55-08:00,1043.48
2017-02-16T17:08:55-08:00,1042.8
2017-02-16T16:58:55-08:00,1041.94
2017-02-16T16:48:55-08:00,1040.74
2017-02-16T16:38:57-08:00,1040.2
2017-02-16T16:29:20-08:00,1040.67
2017-02-16T16:18:55-08:00,1040.0
2017-02-16T16:08:55-08:00,1037.47
2017-02-16T15:58:55-08:00,1038.95
2017-02-16T15:48:55-08:00,1039.32
2017-02-16T15:38:55-08:00,1037.49
2017-02-16T15:28:55-08:00,1036.98
2017-02-16T15:18:55-08:00,1036.43
2017-02-16T15:08:55-08:00,1035.97
2017-02-16T14:58:55-08:00,1037.2
2017-02-16T14:48:55-08:00,1036.75
2017-02-16T14:38:55-08:00,1038.39
2017-02-16T14:28:55-08:00,1038.02
2017-02-16T14:18:56-08:00,1037.35
2017-02-16T14:08:55-08:00,1038.0
2017-02-16T13:58:55-08:00,1037.94
2017-02-16T13:48:55-08:00,1035.01
2017-02-16T13:38:55-08:00,1035.04
2017-02-16T13:28:55-08:00,1038.0
2017-02-16T13:18:55-08:00,1039.26
2017-02-16T13:08:55-08:00,1038.21
2017-02-16T12:58:55-08:00,1040.26
2017-02-16T12:48:55-08:00,1040.5
2017-02-16T12:38:55-08:00,1038.99
2017-02-16T12:28:55-08:00,1040.99
2017-02-16T12:18:55-08:00,1040.14
2017-02-16T12:08:55-08:00,1040.07
2017-02-16T11:58:55-08:00,1039.57
2017-02-16T11:48:55-08:00,1040.85
2017-02-16T11:38:55-08:00,1037.54
2017-02-16T11:28:55-08:00,1040.5
2017-02-16T11:18:55-08:00,1040.46
2017-02-16T11:08:55-08:00,1040.65
2017-02-16T10:58:55-08:00,1040.19
2017-02-16T10:48:55-08:00,1040.17
2017-02-16T10:38:55-08:00,1040.21
2017-02-16T10:28:55-08:00,1040.19
2017-02-16T10:18:55-08:00,1041.79
2017-02-16T10:08:55-08:00,1036.0
2017-02-16T09:58:55-08:00,1034.99
2017-02-16T09:50:12-08:00,1034.92
2017-02-16T09:38:55-08:00,1035.45
2017-02-16T09:28:55-08:00,1038.06
2017-02-16T09:18:55-08:00,1039.9
2017-02-16T09:08:55-08:00,1038.88
2017-02-16T08:58:55-08:00,1037.81
2017-02-16T08:48:55-08:00,1037.99
2017-02-16T08:38:55-08:00,1037.48
2017-02-16T08:28:55-08:00,1034.99
2017-02-16T08:18:55-08:00,1034.82
2017-02-16T08:08:55-08:00,1035.36
2017-02-16T07:58:55-08:00,1035.42
2017-02-16T07:48:55-08:00,1035.38
2017-02-16T07:38:56-08:00,1038.0
2017-02-16T07:28:55-08:00,1037.99
2017-02-16T07:18:56-08:00,1037.99
2017-02-16T07:08:55-08:00,1033.62
2017-02-16T06:58:55-08:00,1029.47
2017-02-16T06:48:55-08:00,1029.39
2017-02-16T06:38:55-08:00,1028.97
2017-02-16T06:28:55-08:00,1027.29
2017-02-16T06:18:55-08:00,1026.08
2017-02-16T06:08:55-08:00,1026.16
2017-02-16T05:58:55-08:00,1025.7
2017-02-16T05:48:55-08:00,1026.44
2017-02-16T05:38:55-08:00,1024.8
2017-02-16T05:28:55-08:00,1025.28
2017-02-16T05:18:56-08:00,1025.28
2017-02-16T05:08:55-08:00,1025.28
2017-02-16T04:58:55-08:00,1025.0
2017-02-16T04:48:55-08:00,1024.98
2017-02-16T04:38:55-08:00,1024.99
2017-02-16T04:28:55-08:00,1024.66
2017-02-16T04:18:55-08:00,1023.59
2017-02-16T04:08:55-08:00,1024.85
2017-02-16T03:58:55-08:00,1024.65
2017-02-16T03:48:55-08:00,1024.99
2017-02-16T03:38:55-08:00,1023.98
2017-02-16T03:28:55-08:00,1022.98
2017-02-16T03:18:55-08:00,1023.2
2017-02-16T03:08:55-08:00,1022.23
2017-02-16T02:58:55-08:00,1022.16
2017-02-16T02:48:55-08:00,1022.67
2017-02-16T02:38:55-08:00,1024.89
2017-02-16T02:28:55-08:00,1023.58
2017-02-16T02:18:55-08:00,1023.51
2017-02-16T02:08:55-08:00,1024.2
2017-02-16T01:58:55-08:00,1023.99
2017-02-16T01:48:55-08:00,1023.99
2017-02-16T01:38:55-08:00,1024.2
2017-02-16T01:28:55-08:00,1024.2
2017-02-16T01:18:55-08:00,1024.2
2017-02-16T01:08:55-08:00,1024.2
2017-02-16T00:58:56-08:00,1024.2
2017-02-16T00:48:55-08:00,1024.19
2017-02-16T00:38:55-08:00,1024.19
2017-02-16T00:28:55-08:00,1024.19
2017-02-16T00:18:55-08:00,1024.2
2017-02-16T00:08:55-08:00,1023.71
2017-02-15T23:58:55-08:00,1024.18
2017-02-15T23:48:55-08:00,1023.39
2017-02-15T23:38:55-08:00,1024.46
2017-02-15T23:28:55-08:00,1024.17
2017-02-15T23:18:55-08:00,1023.27
2017-02-15T23:08:55-08:00,1023.36
2017-02-15T22:58:55-08:00,1027.99
2017-02-15T22:48:55-08:00,1028.0
2017-02-15T22:38:55-08:00,1025.43
2017-02-15T22:28:56-08:00,1026.07
2017-02-15T22:18:55-08:00,1026.09
2017-02-15T22:08:55-08:00,1025.99
2017-02-15T21:58:55-08:00,1025.42
2017-02-15T21:48:55-08:00,1025.43
2017-02-15T21:38:55-08:00,1025.11
2017-02-15T21:28:55-08:00,1025.0
2017-02-15T21:18:55-08:00,1024.54
2017-02-15T21:08:55-08:00,1023.49
2017-02-15T20:58:55-08:00,1021.99
2017-02-15T20:56:23-08:00,1022.0
2017-02-15T20:55:02-08:00,1021.99
2017-02-15T20:28:55-08:00,1022.0
2017-02-15T20:18:55-08:00,1021.5
2017-02-15T20:08:55-08:00,1021.03
2017-02-15T19:58:55-08:00,1021.04
2017-02-15T19:48:55-08:00,1022.64
2017-02-15T19:38:55-08:00,1026.74
2017-02-15T19:28:55-08:00,1026.12
2017-02-15T19:18:55-08:00,1022.65
2017-02-15T19:08:55-08:00,1022.0
2017-02-15T18:58:55-08:00,1021.99
2017-02-15T18:48:55-08:00,1019.85
2017-02-15T18:38:55-08:00,1019.0
2017-02-15T18:28:55-08:00,1017.0
2017-02-15T18:18:55-08:00,1016.0
2017-02-15T18:08:55-08:00,1016.0
2017-02-15T17:58:55-08:00,1015.99
2017-02-15T17:48:55-08:00,1015.94
2017-02-15T17:38:55-08:00,1015.76
2017-02-15T17:28:55-08:00,1014.99
2017-02-15T17:18:55-08:00,1014.99
2017-02-15T17:08:55-08:00,1014.98
2017-02-15T16:58:55-08:00,1014.98
2017-02-15T16:48:55-08:00,1014.97
2017-02-15T16:38:55-08:00,1014.86
2017-02-15T16:28:55-08:00,1014.99
2017-02-15T16:18:55-08:00,1014.97
2017-02-15T16:08:55-08:00,1014.55
2017-02-15T15:58:56-08:00,1013.25
2017-02-15T15:48:55-08:00,1013.4
2017-02-15T15:38:55-08:00,1013.98
2017-02-15T15:28:56-08:00,1014.41
2017-02-15T15:18:56-08:00,1014.52
2017-02-15T15:18:42-08:00,1014.58
2017-02-15T15:08:42-08:00,1014.3
2017-02-15T14:58:42-08:00,1015.8
2017-02-15T14:48:42-08:00,1016.0
2017-02-15T14:38:43-08:00,1015.94
2017-02-15T14:33:01-08:00,1015.36
2017-02-15T14:23:01-08:00,1015.5
2017-02-15T14:13:01-08:00,1015.1
2017-02-15T14:03:02-08:00,1015.3
2017-02-15T13:53:01-08:00,1015.07
2017-02-15T13:43:01-08:00,1014.8
2017-02-15T13:33:01-08:00,1014.39
2017-02-15T13:23:03-08:00,1014.74
2017-02-15T13:13:01-08:00,1014.14
2017-02-15T13:03:01-08:00,1014.57
2017-02-15T12:53:01-08:00,1014.86
2017-02-15T12:43:01-08:00,1014.99
2017-02-15T12:33:01-08:00,1014.07
2017-02-15T12:23:01-08:00,1013.99
2017-02-15T12:13:01-08:00,1013.99
2017-02-15T12:09:01-08:00,1013.99
2017-02-15T11:59:01-08:00,1013.66
2017-02-15T11:49:02-08:00,1013.46
2017-02-15T11:47:06-08:00,1013.46
2017-02-15T11:37:06-08:00,1013.44
2017-02-15T11:27:07-08:00,1013.46
2017-02-15T11:17:07-08:00,1013.01
2017-02-15T11:10:02-08:00,1013.1
2017-02-15T11:00:02-08:00,1013.5
2017-02-15T10:50:02-08:00,1012.72
2017-02-15T10:40:02-08:00,1012.99
2017-02-15T10:30:02-08:00,1012.61
2017-02-15T10:20:02-08:00,1012.49
2017-02-15T10:10:02-08:00,1010.99
2017-02-15T10:00:03-08:00,1011.56
2017-02-15T09:50:01-08:00,1012.65
2017-02-15T09:40:01-08:00,1012.69
2017-02-15T09:30:01-08:00,1012.14
2017-02-15T09:20:01-08:00,1012.64
2017-02-15T09:10:01-08:00,1012.5
2017-02-15T09:00:01-08:00,1012.42
2017-02-15T08:50:01-08:00,1013.26
2017-02-15T08:40:01-08:00,1013.11
2017-02-15T08:30:01-08:00,1012.74
2017-02-15T08:20:02-08:00,1013.48
2017-02-15T08:10:01-08:00,1013.47
2017-02-15T08:00:01-08:00,1012.3
2017-02-15T07:50:01-08:00,1012.75
2017-02-15T07:40:01-08:00,1011.56
2017-02-15T07:30:01-08:00,1011.52
2017-02-15T07:20:01-08:00,1012.75
2017-02-15T07:10:01-08:00,1013.76
2017-02-15T07:00:01-08:00,1013.99
2017-02-15T06:50:01-08:00,1013.62
2017-02-15T06:40:01-08:00,1012.85
2017-02-15T06:30:01-08:00,1013.0
2017-02-15T06:20:01-08:00,1012.85
2017-02-15T06:10:01-08:00,1011.35
2017-02-15T06:00:01-08:00,1012.75
2017-02-15T05:50:01-08:00,1012.92
2017-02-15T05:40:01-08:00,1013.0
2017-02-15T05:30:01-08:00,1012.99
2017-02-15T05:20:01-08:00,1012.97
2017-02-15T05:10:01-08:00,1012.75
2017-02-15T05:00:01-08:00,1012.98
2017-02-15T04:50:01-08:00,1012.0
2017-02-15T04:40:01-08:00,1011.98
2017-02-15T04:30:01-08:00,1011.85
2017-02-15T04:20:01-08:00,1011.94
2017-02-15T04:10:01-08:00,1011.46
2017-02-15T04:00:01-08:00,1011.48
2017-02-15T03:50:02-08:00,1011.05
2017-02-15T03:40:01-08:00,1011.37
2017-02-15T03:30:01-08:00,1010.82
2017-02-15T03:20:01-08:00,1010.8
2017-02-15T03:10:01-08:00,1010.28
2017-02-15T03:00:01-08:00,1010.4
2017-02-15T02:50:01-08:00,1010.32
2017-02-15T02:40:01-08:00,1009.92
2017-02-15T02:30:02-08:00,1010.49
2017-02-15T02:20:01-08:00,1009.47
2017-02-15T02:10:01-08:00,1011.29
2017-02-15T02:00:01-08:00,1011.5
2017-02-15T01:50:01-08:00,1012.79
2017-02-15T01:40:01-08:00,1011.5
2017-02-15T01:30:01-08:00,1010.15
2017-02-15T01:20:01-08:00,1009.39
2017-02-15T01:10:01-08:00,1011.13
2017-02-15T01:00:01-08:00,1010.99
2017-02-15T00:50:01-08:00,1010.24
2017-02-15T00:40:01-08:00,1010.48
2017-02-15T00:30:01-08:00,1009.55
2017-02-15T00:20:01-08:00,1009.38
2017-02-15T00:10:01-08:00,1009.49
2017-02-15T00:00:01-08:00,1009.14
2017-02-14T23:50:01-08:00,1009.44
2017-02-14T23:40:01-08:00,1008.19
2017-02-14T23:30:01-08:00,1008.59
2017-02-14T23:20:01-08:00,1008.86
2017-02-14T23:10:01-08:00,1008.17
2017-02-14T23:00:01-08:00,1009.08
2017-02-14T22:50:01-08:00,1009.15
2017-02-14T22:40:01-08:00,1009.15
2017-02-14T22:30:01-08:00,1009.45
2017-02-14T22:20:01-08:00,1010.33
2017-02-14T22:10:01-08:00,1011.43
2017-02-14T22:00:01-08:00,1013.01
2017-02-14T21:50:01-08:00,1013.0
2017-02-14T21:40:01-08:00,1013.05
2017-02-14T21:30:01-08:00,1012.16
2017-02-14T21:20:01-08:00,1012.63
2017-02-14T21:10:02-08:00,1011.85
2017-02-14T21:00:01-08:00,1013.45
2017-02-14T20:50:01-08:00,1011.36
2017-02-14T20:40:01-08:00,1011.43
2017-02-14T20:30:01-08:00,1009.43
2017-02-14T20:20:01-08:00,1009.0
2017-02-14T20:10:02-08:00,1008.92
2017-02-14T20:00:01-08:00,1008.97
2017-02-14T19:50:02-08:00,1009.64
2017-02-14T19:40:01-08:00,1011.8
2017-02-14T19:30:01-08:00,1011.08
2017-02-14T19:20:01-08:00,1013.76
2017-02-14T19:10:01-08:00,1013.6
2017-02-14T19:00:01-08:00,1012.13
2017-02-14T18:50:01-08:00,1013.79
2017-02-14T18:40:01-08:00,1013.27
2017-02-14T18:30:01-08:00,1014.61
2017-02-14T18:20:01-08:00,1014.97
2017-02-14T18:10:01-08:00,1014.69
2017-02-14T18:00:01-08:00,1013.83
2017-02-14T17:50:01-08:00,1013.99
2017-02-14T17:40:01-08:00,1014.33
2017-02-14T17:30:01-08:00,1014.91
2017-02-14T17:20:01-08:00,1014.29
2017-02-14T17:10:01-08:00,1014.03
2017-02-14T17:00:01-08:00,1014.13
2017-02-14T16:50:02-08:00,1014.37
2017-02-14T16:48:24-08:00,1014.37
2017-02-14T16:38:25-08:00,1013.97
2017-02-14T16:28:24-08:00,1013.78
2017-02-14T16:18:24-08:00,1012.54
2017-02-14T16:08:25-08:00,1013.44
2017-02-14T15:58:24-08:00,1013.92
2017-02-14T15:48:24-08:00,1013.16
2017-02-14T15:38:24-08:00,1011.61
2017-02-14T15:28:24-08:00,1010.99
2017-02-14T15:18:24-08:00,1012.3
2017-02-14T15:08:25-08:00,1011.42
2017-02-14T14:58:24-08:00,1011.24
2017-02-14T14:48:24-08:00,1012.85
2017-02-14T14:38:24-08:00,1010.0
2017-02-14T14:28:24-08:00,1010.0
2017-02-14T14:18:24-08:00,1009.93
2017-02-14T14:08:24-08:00,1009.0
2017-02-14T13:58:24-08:00,1009.63
2017-02-14T13:48:24-08:00,1009.86
2017-02-14T13:38:24-08:00,1008.26
2017-02-14T13:28:24-08:00,1009.88
2017-02-14T13:18:25-08:00,1009.99
2017-02-14T13:08:24-08:00,1008.75
2017-02-14T13:03:41-08:00,1009.13
2017-02-14T12:53:41-08:00,1008.67
2017-02-14T12:43:41-08:00,1008.13
2017-02-14T12:33:41-08:00,1005.34
2017-02-14T12:23:41-08:00,1004.58
2017-02-14T12:13:41-08:00,1004.5
2017-02-14T12:03:41-08:00,1008.28